{
  "project_info": {
    "project_number": "739028991816",
    "firebase_url": "https://contatos-cbef8.firebaseio.com",
    "project_id": "contatos-cbef8",
    "storage_bucket": "contatos-cbef8.appspot.com"
  },
  "client": [
    {
      "client_info": {
        "mobilesdk_app_id": "1:739028991816:android:4857d35bfb38aa67",
        "android_client_info": {
          "package_name": "com.example.contatosfirebase"
        }
      },
      "oauth_client": [
        {
          "client_id": "739028991816-v8s25c5q4d9b8qnehlj56glt2fq24l5g.apps.googleusercontent.com",
          "client_type": 3
        }
      ],
      "api_key": [
        {
          "current_key": "AIzaSyC9bqrjYb-ur6ZRaPePOMa585QCNHIp2ac"
        }
      ],
      "services": {
        "appinvite_service": {
          "other_platform_oauth_client": [
            {
              "client_id": "739028991816-v8s25c5q4d9b8qnehlj56glt2fq24l5g.apps.googleusercontent.com",
              "client_type": 3
            }
          ]
        }
      }
    },
    {
      "client_info": {
        "mobilesdk_app_id": "1:739028991816:android:617e8f6bc1a64ce1",
        "android_client_info": {
          "package_name": "com.example.mlkit"
        }
      },
      "oauth_client": [
        {
          "client_id": "739028991816-v8s25c5q4d9b8qnehlj56glt2fq24l5g.apps.googleusercontent.com",
          "client_type": 3
        }
      ],
      "api_key": [
        {
          "current_key": "AIzaSyC9bqrjYb-ur6ZRaPePOMa585QCNHIp2ac"
        }
      ],
      "services": {
        "appinvite_service": {
          "other_platform_oauth_client": [
            {
              "client_id": "739028991816-v8s25c5q4d9b8qnehlj56glt2fq24l5g.apps.googleusercontent.com",
              "client_type": 3
            }
          ]
        }
      }
    },
    {
      "client_info": {
        "mobilesdk_app_id": "1:739028991816:android:5be8af38ec96a0d4",
        "android_client_info": {
          "package_name": "com.example.ocr"
        }
      },
      "oauth_client": [
        {
          "client_id": "739028991816-v8s25c5q4d9b8qnehlj56glt2fq24l5g.apps.googleusercontent.com",
          "client_type": 3
        }
      ],
      "api_key": [
        {
          "current_key": "AIzaSyC9bqrjYb-ur6ZRaPePOMa585QCNHIp2ac"
        }
      ],
      "services": {
        "appinvite_service": {
          "other_platform_oauth_client": [
            {
              "client_id": "739028991816-v8s25c5q4d9b8qnehlj56glt2fq24l5g.apps.googleusercontent.com",
              "client_type": 3
            }
          ]
        }
      }
    }
  ],
  "configuration_version": "1"
}