{
  "project_info": {
    "project_number": "290909555140",
    "firebase_url": "https://technote-94a4b.firebaseio.com",
    "project_id": "technote-94a4b",
    "storage_bucket": "technote-94a4b.appspot.com"
  },
  "client": [
    {
      "client_info": {
        "mobilesdk_app_id": "1:290909555140:android:b3fe203b61c640f2",
        "android_client_info": {
          "package_name": "com.fatecriopreto.technote"
        }
      },
      "oauth_client": [
        {
          "client_id": "290909555140-p1g7sf8dfpc9foc60r4mjnbr16fbidd2.apps.googleusercontent.com",
          "client_type": 1,
          "android_info": {
            "package_name": "com.fatecriopreto.technote",
            "certificate_hash": "a2d638cf5c0960fd637a33d112a2a2a9a1818de3"
          }
        },
        {
          "client_id": "290909555140-4he4t4l3eihqsr7gad8fvtgbo4q0pmld.apps.googleusercontent.com",
          "client_type": 3
        }
      ],
      "api_key": [
        {
          "current_key": "AIzaSyDk_iyyJRVZIDfzqJq4IB7_6PGht8tE3_Q"
        }
      ],
      "services": {
        "appinvite_service": {
          "other_platform_oauth_client": [
            {
              "client_id": "290909555140-4he4t4l3eihqsr7gad8fvtgbo4q0pmld.apps.googleusercontent.com",
              "client_type": 3
            }
          ]
        }
      }
    }
  ],
  "configuration_version": "1"
}